Saved Date,Job Url,Job Title,Company Name
"12/18/18, 1:52 AM",http://www.linkedin.com/jobs/view/1017783116,TCS is hiring for Data Scientist : Bangalore location,Tata Consultancy Services Limited
"2/19/19, 11:23 PM",http://www.linkedin.com/jobs/view/1074919143,Cyber Intelligence â€“ Data Scientist,Wipro Limited
"2/19/19, 11:17 PM",http://www.linkedin.com/jobs/view/995632177,India Business-Consulting-Products- Customer & Channel-Data Scientist - 9,Accenture in India
"10/4/19, 9:20 AM",http://www.linkedin.com/jobs/view/1498337128,Data Science Intern,Unity Technologies
"12/18/18, 1:56 AM",http://www.linkedin.com/jobs/view/917367183,Data Science modelers,Infosys
"9/15/18, 1:23 AM",http://www.linkedin.com/jobs/view/868680146,Data Warehouse Solutions Engineer Data Warehouse Solutions,Apple
"9/23/18, 7:09 AM",http://www.linkedin.com/jobs/view/834990568,Big Data Visualization Engineer,Tata Consultancy Services
"11/18/18, 12:28 AM",http://www.linkedin.com/jobs/view/959913691,Data Scientist,Oracle
"2/17/19, 9:08 PM",http://www.linkedin.com/jobs/view/1017990729,Data Science Specialist,Accenture in India
"2/19/19, 11:23 PM",http://www.linkedin.com/jobs/view/1111348713,Data Scientist: Advanced Analytics,IBM
"9/23/18, 7:09 AM",http://www.linkedin.com/jobs/view/848671175,Data Scientist,Accenture
