Date,Link,Message
2021-01-06 17:47:11,https://www.linkedin.com/feed/update/urn%3Ali%3Aactivity%3A6752602501591265280," This is superb, Manjunatha Gummaraju!
Data Visualization is an art through which we can tell data insights, share effective facts & information, also new innovative ideas through storytelling. it is the complete advertisement & presentation of our proposed solution and decision that we can take."
2021-01-06 17:13:26,https://www.linkedin.com/feed/update/urn%3Ali%3Aactivity%3A6752505385879408640,I'm excited about this virtual meet.
2021-01-04 16:59:27,https://www.linkedin.com/feed/update/urn%3Ali%3AugcPost%3A6751901760652136448,is java there? üòÄ
2021-01-04 16:45:07,https://www.linkedin.com/feed/update/urn%3Ali%3AugcPost%3A6751460227096428544,very funny Susan Walsh - The Classification Guru üòÄ
2021-01-04 16:28:09,https://www.linkedin.com/feed/update/urn%3Ali%3AugcPost%3A6751460227096428544,hii everyone I hope you all are safe and healthy!
my question is- what factors decided how much our data is ready to take decision
2021-01-03 18:00:57,https://www.linkedin.com/feed/update/urn%3Ali%3Aactivity%3A6751317039366971392,Too much costly course for students.
2021-01-03 17:56:42,https://www.linkedin.com/feed/update/urn%3Ali%3Aactivity%3A6751547690582085632,"Very useful sharing, thanks!"
2021-01-03 14:41:15,https://www.linkedin.com/feed/update/urn%3Ali%3Aactivity%3A6751461942088495104,"I'm gonna learn machine learning with R and integration of javascript, HTML//CSS this year.ü§ó"
2020-12-31 10:55:59,https://www.linkedin.com/feed/update/urn%3Ali%3Aactivity%3A6750206180263649280,All of you are genius ü§óMaria Markman GAICD
2020-12-30 19:27:08,https://www.linkedin.com/feed/update/urn%3Ali%3Aactivity%3A6750036736702730240,"David Langer it's my pleasure, you are in connection.ü§ó"
2020-12-30 19:15:42,https://www.linkedin.com/feed/update/urn%3Ali%3Aactivity%3A6750036736702730240,"Thanks Andrew Jones -- DATA SCIENCE INFINITY -- for sharing this fantastic stuff. They all leading very well this LinkedIn society and data science age. Some of them in my connection or some of them not, but now in.

Thanks to all my valuable network Steve Nouri, Danny Ma, Cassie Kozyrkov, Rob Hewardt , Lou Bajuk, Kate Strachnyi ‚ôï ,‚àû Ravit Jain ‚àû, Thom Ives, Ph.D.,   William Staudenmeier, Robert Bethell, Rami Krispin, Koo Ping Shung , Ken Jee , Hadley Wickham, David Langer, R-Ladies Tunis, Dor Polovincik Enrique Arevalo, Andrew Drinkwater, MBA, James Blair, Jason Milnes, Maya Gans, Philip Bowsher, Alison Presmanes Hill, Alex Gold, Shrey Srivastava, William Vorhies, Allie K. Miller to for your efforts for share a valuable and amazing information in field of #datascience, #machinelearning, and #AI. That's help out lots of people fresher they looking for new opportunities and as well as experience people.

Thanks, once again for all fantastic stuff and Andrew Jones -- DATA SCIENCE INFINITY -- sir!ü§ó"
2020-12-22 18:52:11,https://www.linkedin.com/feed/update/urn%3Ali%3Aactivity%3A6747196745060614144,"Thanks, David Langer please check out my recent post and do some comments, https://www.linkedin.com/posts/bharat-sharma-a66199160_myrnotebook-for-beginners-ugcPost-6747207871366275072-kHIz"
2020-12-22 18:30:03,https://www.linkedin.com/feed/update/urn%3Ali%3Aactivity%3A6747196745060614144,Thanks for sharing!
2020-12-22 17:57:53,https://www.linkedin.com/feed/update/urn%3Ali%3AugcPost%3A6747207871366275072,"If like this R Notebook like and comment this post and share with your fellow, who wants to learn R programming!"
2020-12-21 17:29:19,https://www.linkedin.com/feed/update/urn%3Ali%3Aactivity%3A6746486694415015936,Commenting for better reach!
2020-12-20 07:04:58,https://www.linkedin.com/feed/update/urn%3Ali%3Aactivity%3A6745552562755399680,DHEERAJ KUMAR SINGH
2020-12-20 07:03:29,https://www.linkedin.com/feed/update/urn%3Ali%3Aactivity%3A6743449600016887808,Commenting for better reach!
2020-12-20 06:56:44,https://www.linkedin.com/feed/update/urn%3Ali%3AugcPost%3A6746316906707394560,Commenting for better reach!
2020-12-20 06:35:00,https://www.linkedin.com/feed/update/urn%3Ali%3Aactivity%3A6745285462199459841,DHEERAJ KUMAR SINGH
2020-12-19 18:30:42,https://www.linkedin.com/feed/update/urn%3Ali%3AugcPost%3A6745941429639516160,Great job! Shreyansh Dixit
2020-12-19 18:28:00,https://www.linkedin.com/feed/update/urn%3Ali%3Aactivity%3A6746111498550071296,"R ü§ó ‚àû Ravit Jain ‚àû 
When I start learning about data science first and most crucial think that I learnt I need to be more focus about mathmatics especially statistics and data interpretation by visualise it by some sort of code. I don't want to spend more time with visualization and exploration because I heard most of the data scientist invest their time to clean the data even 80% time of whole process.üôÇ. Then I start learnt both languages R and python.after some time I  decided I go with R instead of python because R also help me to deal big data problems. I think R is best language for static(warehouse) data analysis.so I prefer R.
I favourite R packages are dyplr, tidyverse, lubridate, ggplot2, plotly, shiny and shiny dashboard, flexdashboard, and rmarkdown"
2020-12-18 12:27:22,https://www.linkedin.com/feed/update/urn%3Ali%3Aactivity%3A6744104374789832704,Interested
2020-12-17 07:29:32,https://www.linkedin.com/feed/update/urn%3Ali%3AugcPost%3A6745237059159650304,"hi, I'm from Delhi India. now days I'm pursuing my graduation and looking new opportunities in field of data science."
2020-12-17 07:25:25,https://www.linkedin.com/feed/update/urn%3Ali%3AugcPost%3A6745237059159650304,india
2020-12-16 18:12:33,https://www.linkedin.com/feed/update/urn%3Ali%3AugcPost%3A6744976757763424256,Doneüëç
2020-12-16 18:04:12,https://www.linkedin.com/feed/update/urn%3Ali%3AugcPost%3A6744976757763424256,Can't wait for attend this super exciting conferenceü§ó. I registered quickly as I could
Thanks for sharing Rob Hewardt .
2020-12-16 07:26:27,https://www.linkedin.com/feed/update/urn%3Ali%3Aactivity%3A6744866868043014144,"If health is lost, then everything is lost, so everyone should be healthy and happy!"
2020-12-15 18:11:10,https://www.linkedin.com/feed/update/urn%3Ali%3AugcPost%3A6744602795917275136,Amazing Naveen Kumar Sorout !
2020-12-15 09:16:11,https://www.linkedin.com/feed/update/urn%3Ali%3Aactivity%3A6744528528261332993,I love kaggle but not solved any problem yet.
Provide some effective information to win kaggle. We wait your valuable experience on kaggle ‚àû Ravit Jain ‚àû and Danny Ma sir.
2020-12-15 08:01:59,https://www.linkedin.com/feed/update/urn%3Ali%3Aactivity%3A6744320669951045632,Great survey for R users. Thanks Tareef Kawaf 
I completed this survey from my sideüëç
2020-12-12 16:34:47,https://www.linkedin.com/feed/update/urn%3Ali%3Aactivity%3A6743440375744135168,Rüëåü§ó
2020-12-11 16:28:11,https://www.linkedin.com/feed/update/urn%3Ali%3Aactivity%3A6742310460353261568,Interested
2020-12-11 16:27:46,https://www.linkedin.com/feed/update/urn%3Ali%3Aactivity%3A6741745573327712256,Interested in data analyst intern
2020-12-05 05:57:49,https://www.linkedin.com/feed/update/urn%3Ali%3AugcPost%3A6740286677266292736,Informative article Tanisha Jain üëç
2020-12-05 04:27:52,https://www.linkedin.com/feed/update/urn%3Ali%3AugcPost%3A6737615106835841024,"Wonderful storytelling art, great work Pranav Agrawal"
2020-12-04 15:09:18,https://www.linkedin.com/feed/update/urn%3Ali%3Aactivity%3A6740640840890245120,"The first thing that I learned Saurabh Moody Voiceman sir clarity about what you do and for what purpose you do.
The second thing I learned storytelling rather than dashboard design, colors. design a simple and clear dashboard where you feel comfortable presenting them in front of your audiences. "
2020-12-03 11:42:02,https://www.linkedin.com/feed/update/urn%3Ali%3Aactivity%3A6740086680180588545,Interested
bharatbrijwasi777@gmail.com
2020-12-02 17:07:09,https://www.linkedin.com/feed/update/urn%3Ali%3Aactivity%3A6734662176944001024,Interested
2020-12-02 08:01:00,https://www.linkedin.com/feed/update/urn%3Ali%3Aactivity%3A6739736757501231104,I go with pie chart for fig A and for fig B I used bar+line chart.
2020-12-01 09:24:59,https://www.linkedin.com/feed/update/urn%3Ali%3Aactivity%3A6739356430370951168,Congratulations!
2020-12-01 04:57:16,https://www.linkedin.com/feed/update/urn%3Ali%3Aactivity%3A6739383624094904320,Congrats Maya
2020-12-01 04:54:14,https://www.linkedin.com/feed/update/urn%3Ali%3AugcPost%3A6739019625146707968,I choose last one Shantanil Bagchi
2020-12-01 04:09:05,https://www.linkedin.com/feed/update/urn%3Ali%3Aactivity%3A6739278427477676033,I've registered Lou Bajuk
2020-12-01 04:00:51,https://www.linkedin.com/feed/update/urn%3Ali%3Aactivity%3A6739232428470132736,Great to see diversity scholarship program Rob Hewardt I have registeredü§ó
2020-11-29 16:34:22,https://www.linkedin.com/feed/update/urn%3Ali%3Aactivity%3A6738845468559724544,I'm very excited to hear your R journey R-Ladies Tunis and Mouna BELAID
2020-11-29 14:40:33,https://www.linkedin.com/feed/update/urn%3Ali%3Aactivity%3A6738145273542930432,True Khaja Moinuddin
2020-11-29 14:39:24,https://www.linkedin.com/feed/update/urn%3Ali%3Aactivity%3A6738589110103003136,Excellent storytelling dashboard Kritika Sharma üëç
2020-11-29 14:33:01,https://www.linkedin.com/feed/update/urn%3Ali%3AugcPost%3A6738789846518689792,Thank you very much such basic and tricky interview questions ‚àû Ravit Jain ‚àû sir.
2020-11-29 08:22:05,https://www.linkedin.com/feed/update/urn%3Ali%3AugcPost%3A6736344131309776896,‚àû Ravit Jain ‚àûsure!
2020-11-28 13:54:45,https://www.linkedin.com/feed/update/urn%3Ali%3Aactivity%3A6738373113341345792,"Love this, that's true Akshay Saini"
2020-11-27 18:12:59,https://www.linkedin.com/feed/update/urn%3Ali%3Aactivity%3A6738124060762390528,Thanks for sharing Rotem Dvir sir!
I try to make my next month schedule with this package now.ü§ó
2020-11-27 15:20:47,https://www.linkedin.com/feed/update/urn%3Ali%3Aactivity%3A6738100772757651456,Thanks Anubhav bhardwaj
2020-11-27 12:40:48,https://www.linkedin.com/feed/update/urn%3Ali%3Aactivity%3A6738015756283449344,Thank you for sharing!
2020-11-23 07:55:26,https://www.linkedin.com/feed/update/urn%3Ali%3AugcPost%3A6736344131309776896,Thanks for sharing ‚àû Ravit Jain ‚àû sir!
2020-11-23 07:52:28,https://www.linkedin.com/feed/update/urn%3Ali%3Aactivity%3A6736294527591555073,Congratulations sir!
2020-11-21 07:14:21,https://www.linkedin.com/feed/update/urn%3Ali%3Aactivity%3A6735734433133010944,Commenting for better reach!
2020-11-19 15:35:35,https://www.linkedin.com/feed/update/urn%3Ali%3Aactivity%3A6735190895123140608,Registered! I'm very excited to this session and hope this session goes on Cloud+R both.ü§óüòç
2020-11-19 07:24:15,https://www.linkedin.com/feed/update/urn%3Ali%3AugcPost%3A6735085803904602112,how personal branding is helpful in my domain I mean for a data scientist enthusiastic?
2020-11-19 07:22:05,https://www.linkedin.com/feed/update/urn%3Ali%3AugcPost%3A6735085803904602112,I'm looking myself as a data scientist after my college
2020-11-19 07:10:58,https://www.linkedin.com/feed/update/urn%3Ali%3AugcPost%3A6735085803904602112,India
2020-11-19 07:10:43,https://www.linkedin.com/feed/update/urn%3Ali%3AugcPost%3A6735085803904602112,"hi Maria,"
2020-11-10 13:31:35,https://www.linkedin.com/feed/update/urn%3Ali%3AugcPost%3A6731921036746465280,good evening to all
2020-11-10 12:00:09,https://www.linkedin.com/feed/update/urn%3Ali%3Aactivity%3A6731408510250205184,Navin Mistry I tagged my friend who looking for opportunity in mechanical engineering as a fresher.
2020-11-10 02:14:00,https://www.linkedin.com/feed/update/urn%3Ali%3Aactivity%3A6731408510250205184,Ranveer Singh
2020-11-09 17:42:10,https://www.linkedin.com/feed/update/urn%3Ali%3Aactivity%3A6731538412060442624,Value of Data scientist ü§ëü§ë
2020-11-09 09:15:17,https://www.linkedin.com/feed/update/urn%3Ali%3Aactivity%3A6731456964309630976,Interested
2020-11-07 02:27:41,https://www.linkedin.com/feed/update/urn%3Ali%3Aactivity%3A6730619103905759232,Congratulations!
2020-11-06 18:10:06,https://www.linkedin.com/feed/update/urn%3Ali%3Aactivity%3A6727916961826656256,"Applied, but don't get information till now regarding new batch shortlisted fellows"
2020-11-05 05:29:23,https://www.linkedin.com/feed/update/urn%3Ali%3Aactivity%3A6725472075890458624,"RStudio PBC currently I am working on IoT project, I have some sensors data that store on Google firebase and I want to connect that data on my shiny dashboard for real time monitoring so, how I can do that?"
2020-11-05 05:23:08,https://www.linkedin.com/feed/update/urn%3Ali%3Aactivity%3A6729827720433283072,"R-Ladies Tunis , can I get some suggestions regarding RStudio and Google sheet automation?"
2020-11-01 04:33:23,https://www.linkedin.com/feed/update/urn%3Ali%3Aactivity%3A6726749877080076288,Very helpful! thank you for sharing
2020-11-01 04:31:11,https://www.linkedin.com/feed/update/urn%3Ali%3Aactivity%3A6728214036594335744,Interested
2020-10-30 16:37:20,https://www.linkedin.com/feed/update/urn%3Ali%3Aactivity%3A6727941433040392192,Building is more better rather than buying.
If we build we coustmise that according to our data governance and strategy and may be solution helps other!
2020-10-23 13:15:16,https://www.linkedin.com/feed/update/urn%3Ali%3Aactivity%3A6725252398572429313,"Saurabh Moody Voiceman sir, what you look in fresher in the DS ML interview process?"
2020-10-14 10:28:45,https://www.linkedin.com/feed/update/urn%3Ali%3Aactivity%3A6721906231398682624,I'm not try this feature of RStudio. But I think now the  time I used this feature. Thanks for sharing this.
2020-10-13 05:50:31,https://www.linkedin.com/feed/update/urn%3Ali%3Aactivity%3A6721337588159979520,great sir!
2020-10-13 05:49:26,https://www.linkedin.com/feed/update/urn%3Ali%3Aactivity%3A6721630316387291136,Commenting for better reach!
2020-10-08 17:02:55,https://www.linkedin.com/feed/update/urn%3Ali%3Aactivity%3A6719123447332569088,Yes
2020-10-08 17:02:42,https://www.linkedin.com/feed/update/urn%3Ali%3Aactivity%3A6719123447332569088,Kshitij Sonje how sir
2020-10-08 05:52:34,https://www.linkedin.com/feed/update/urn%3Ali%3Aactivity%3A6717276057449324544,Interested for part time
2020-10-04 05:59:47,https://www.linkedin.com/feed/update/urn%3Ali%3Aactivity%3A6716704175952015360,Great News in my morning I can't wait to give a try!
2020-10-01 05:52:57,https://www.linkedin.com/feed/update/urn%3Ali%3AugcPost%3A6717072688592101376,Amazing
2020-09-30 14:19:21,https://www.linkedin.com/feed/update/urn%3Ali%3Aactivity%3A6715552312116441088,This is why we need automation everywhere.
2020-09-29 04:51:34,https://www.linkedin.com/feed/update/urn%3Ali%3Aactivity%3A6716551591073239040,Registered!
2020-09-25 04:59:40,https://www.linkedin.com/feed/update/urn%3Ali%3Aactivity%3A6714925851202461697,Comment for better reaching out.
Good wishes!
2020-09-21 10:37:01,https://www.linkedin.com/feed/update/urn%3Ali%3Aactivity%3A6713668104469192704,"Truly VIKAS BAWA, FME¬Æ,CEA¬Æ IFMA-FMP¬Æ,CERTIFIED ISO LEAD IMPLEMENTER , it's a big achievement!!

I tried to loose my weight but in one month I lose only 2kg. Have you better solution like me!"
2020-09-17 15:22:15,https://www.linkedin.com/feed/update/urn%3Ali%3AugcPost%3A6712355673331531776,Shishank Jain Vikas Shrotiy
2020-09-17 10:55:54,https://www.linkedin.com/feed/update/urn%3Ali%3Aactivity%3A6712282701682098176,Well said! MLM me tho Kuchh jyada hi ho jata h..
2020-09-14 03:22:48,https://www.linkedin.com/feed/update/urn%3Ali%3Aactivity%3A6710967746147958784,Dhafer Malouche can you share code stuff
2020-09-14 03:22:01,https://www.linkedin.com/feed/update/urn%3Ali%3Aactivity%3A6710967746147958784,Very informative and visualize dashboard ‚úåÔ∏è‚úåÔ∏è
2020-09-11 03:23:25,https://www.linkedin.com/feed/update/urn%3Ali%3AugcPost%3A6710011427157082112,thanks Steve your advise is insightful
2020-09-11 02:57:34,https://www.linkedin.com/feed/update/urn%3Ali%3AugcPost%3A6710011427157082112,question> what are strategies to be followed to convert a simple organization into data-driven organization because as we know lots of company/organization knows the value of thier data but a few companies that used this technology so it's very challenging for small and startup organization/company
2020-09-11 02:33:23,https://www.linkedin.com/feed/update/urn%3Ali%3AugcPost%3A6710011427157082112,Good Morning Maria and Steve

2020-09-10 14:37:34,https://www.linkedin.com/feed/update/urn%3Ali%3Aactivity%3A6709777406951092224,Thanks Maria Markman GAICD for this initiatives!
I followed Steve Nouri from last one year I know how they valuable in this field they share lots of knowledge  or nsightful content for us everyday. I am very excited to hear them Maria Markman GAICD .
Please ask me one question because this is very serious about fresher students of data science enthusiastic.

1. What should be do as a fresher students to get first job in the field of data science?
2. How fresher students show their visibility to any company to get hired?
3. How to set own startup being a data scientist?
2020-09-09 14:19:05,https://www.linkedin.com/feed/update/urn%3Ali%3Aactivity%3A6708804299125727232,Great sir we proud as an Indian!
2020-09-09 01:31:26,https://www.linkedin.com/feed/update/urn%3Ali%3Aactivity%3A6709173575028502528,For me it's very interesting because I used RStudio in place of Excel and SPSS. 
And it's scalability make me comfortable in standalone analysis.
2020-09-07 15:42:33,https://www.linkedin.com/feed/update/urn%3Ali%3Aactivity%3A6708683369301057536,Could you send me the registration link GLA University
2020-09-07 15:41:26,https://www.linkedin.com/feed/update/urn%3Ali%3Aactivity%3A6708681096424517632,Let's make strong professionalism by connecting same prrofessionals Maria Markman GAICD
2020-09-05 05:04:30,https://www.linkedin.com/feed/update/urn%3Ali%3Aactivity%3A6707655410242904064,Thank you very much!
2020-09-04 14:31:33,https://www.linkedin.com/feed/update/urn%3Ali%3Aactivity%3A6707655410242904064,"Find me on GitHub by ""bharatbrijwasi"""
2020-09-04 10:45:10,https://www.linkedin.com/feed/update/urn%3Ali%3Aactivity%3A6707488725175279616,"Maria Markman GAICD by lake of time I miss your live session. But just now I watched your recorded session that was fabulous and completely informative. And thank you very to get my question, I completely satisfied with your response.

Thanks"
2020-09-04 10:41:38,https://www.linkedin.com/feed/update/urn%3Ali%3AugcPost%3A6707588817030914048,+1
2020-09-04 10:40:56,https://www.linkedin.com/feed/update/urn%3Ali%3AugcPost%3A6707588817030914048,thanks for reviewing my question
2020-09-01 07:54:21,https://www.linkedin.com/feed/update/urn%3Ali%3Aactivity%3A6706268882786762752,I join myself to #66DaysOfData
2020-08-31 16:39:54,https://www.linkedin.com/feed/update/urn%3Ali%3AugcPost%3A6706225865551855616,"Benjamin Smith thank you sharing the link.
I'm used this library in Python but not in R,
I will learn this in R let's try some newüë©‚Äçüíª"
2020-08-31 16:27:56,https://www.linkedin.com/feed/update/urn%3Ali%3AugcPost%3A6706225865551855616,William Staudenmeier thanks for sharing.
Any specific book available on openCV using R.
2020-08-29 15:58:29,https://www.linkedin.com/feed/update/urn%3Ali%3Aactivity%3A6704870198463356928,"For me ""The Hindi"""
2020-08-19 14:28:09,https://www.linkedin.com/feed/update/urn%3Ali%3Aactivity%3A6701676948143398912,Priyank Goyal congratulations!!!
2020-08-19 14:20:57,https://www.linkedin.com/feed/update/urn%3Ali%3Aactivity%3A6701782527595692032,Koo Ping Shung sir I agree your each points.
7th and 8th are important and challenging points at this stage it might be challenging to fit the solution to the existing system of organization because lots strategy needs to implement here. Here solution model like product and we need to be sell out.

Thanks for sharing insightful post
2020-08-18 04:58:57,https://www.linkedin.com/feed/update/urn%3Ali%3Aactivity%3A6699965916957941760,Interested for Data analyst intern Surbhi Sharma 
bharatbrijwasi777@gmail.com
2020-08-17 11:58:31,https://www.linkedin.com/feed/update/urn%3Ali%3Aactivity%3A6698959307091836928,This is absolutely happened most of the time with fresher's when company have mass recruitments.
2020-08-17 05:40:33,https://www.linkedin.com/feed/update/urn%3Ali%3Aactivity%3A6697754550553640960,Interested
2020-08-17 05:39:17,https://www.linkedin.com/feed/update/urn%3Ali%3Aactivity%3A6696233344742633472,Love your thoughts. Yes I'm with you!!!
2020-08-17 03:55:36,https://www.linkedin.com/feed/update/urn%3Ali%3Aactivity%3A6698100478791827456,"Hi Maria and LinkedIn members,

I'm Bharat Sharma from India. Currently I'm pursuing my graduation program and actively looking for internship in Field of data analytics. My interest include in data science and machine learning and so I'm working in this field strongly from last year's.
Actively now I'm open for more LinkedIn strong connections in same domain that I have and collaborate with them to learn more think.
At last thank you Maria Markman GAICD for such post for introducing with everyone.!!!"
2020-08-16 08:16:53,https://www.linkedin.com/feed/update/urn%3Ali%3Aactivity%3A6699962944588935168,India loves whole planet Wouter van Heddeghem
2020-08-16 08:08:50,https://www.linkedin.com/feed/update/urn%3Ali%3Aactivity%3A6700628008903958528,Dreamer!
2020-08-16 01:35:55,https://www.linkedin.com/feed/update/urn%3Ali%3Aactivity%3A6698902078435143680,It looks very nice and informative!!!
2020-08-14 09:07:58,https://www.linkedin.com/feed/update/urn%3Ali%3AugcPost%3A6699877581757521920,Jai Shri Krishna üåÑüåÑ
2020-08-14 08:48:06,https://www.linkedin.com/feed/update/urn%3Ali%3Aactivity%3A6699923011681734656,Interested
2020-08-14 03:44:47,https://www.linkedin.com/feed/update/urn%3Ali%3AugcPost%3A6699857563116302336,thanks for session
2020-08-14 03:38:40,https://www.linkedin.com/feed/update/urn%3Ali%3AugcPost%3A6699857563116302336,I'm interested
2020-08-14 02:21:17,https://www.linkedin.com/feed/update/urn%3Ali%3AugcPost%3A6699857563116302336,is language matter in personal branding?
2020-08-13 01:42:57,https://www.linkedin.com/feed/update/urn%3Ali%3Aactivity%3A6699354640812716032,Congratulations Shishank Jain !!!
2020-08-12 09:05:58,https://www.linkedin.com/feed/update/urn%3Ali%3AugcPost%3A6699212213665718273,Yes
2020-08-11 15:59:35,https://www.linkedin.com/feed/update/urn%3Ali%3Aactivity%3A6698471844112027648,Interested for internship
2020-08-11 05:47:07,https://www.linkedin.com/feed/update/urn%3Ali%3Aactivity%3A6698796623155273728,Interested in Data science intern
2020-08-09 14:18:37,https://www.linkedin.com/feed/update/urn%3Ali%3Aactivity%3A6696735600759898112,Sometime ago I heard RStudio cloud when my laptop was crashed and then I used RStudio cloud in my campus system. I fell all similarities as Desktop RStudio IDE. I'm happy when I realized I'm also collaborate with git and deploy directly through cloud. Thanks for wonderful plateform Rob Hewardt .
2020-08-09 01:04:29,https://www.linkedin.com/feed/update/urn%3Ali%3Aactivity%3A6696022003289268224,I used flexdashboard for visualization purpose once it's a great and simple way with attractive layout. https://www.linkedin.com/posts/bharat-sharma-a66199160_covid-rprogramming-stayabratabrhome-activity-6659464760909791232-Kwo3
2020-08-08 10:32:18,https://www.linkedin.com/feed/update/urn%3Ali%3Aactivity%3A6697511500938141697,I think for better understanding of coustomer can be achieve by a complete 360 storytelling dashboard.
2020-08-08 10:27:51,https://www.linkedin.com/feed/update/urn%3Ali%3Aactivity%3A6697242681690742784,I love R specially in case of standalone analysis. big data is all about historical data so I prefer R.
2020-08-08 01:03:45,https://www.linkedin.com/feed/update/urn%3Ali%3Aactivity%3A6697558764700209152,Rstudio is one of my favorite IDE  among R and python IDE‚úåÔ∏è‚úåÔ∏è
2020-08-06 08:31:15,https://www.linkedin.com/feed/update/urn%3Ali%3Aactivity%3A6696763236781498368,"Well deserved, Congrats Ankit sir!!!"
2020-08-04 16:01:32,https://www.linkedin.com/feed/update/urn%3Ali%3Aactivity%3A6685918435165130752,"it looks good for skill enhancement. thanks, Pranay Pushp for mentioning "
2020-07-22 07:50:40,https://www.linkedin.com/feed/update/urn%3Ali%3Aactivity%3A6691403491941855232,R-Ladies Tunis that's great
2020-07-22 06:04:01,https://www.linkedin.com/feed/update/urn%3Ali%3Aactivity%3A6691403491941855232,why you did not mention all the functions associated with the respective package in your  #OnePackagePerDay challenge?
2020-07-19 10:37:39,https://www.linkedin.com/feed/update/urn%3Ali%3Aactivity%3A6690504780042817536,Interested
2020-07-19 10:35:52,https://www.linkedin.com/feed/update/urn%3Ali%3Aactivity%3A6690529217156837376,True!!!
2020-07-18 04:41:19,https://www.linkedin.com/feed/update/urn%3Ali%3Aactivity%3A6690108114462658560,Congratulation dear!!!

2020-07-17 16:53:28,https://www.linkedin.com/feed/update/urn%3Ali%3Aactivity%3A6686291823838810112,Congratulations:)
2020-07-17 07:42:42,https://www.linkedin.com/feed/update/urn%3Ali%3AugcPost%3A6685764727336951808,I love you India!!!
2020-07-17 06:00:01,https://www.linkedin.com/feed/update/urn%3Ali%3Aactivity%3A6689433142966702080,"Ankit Agrawal, can you share your experience?"
2020-07-16 15:50:17,https://www.linkedin.com/feed/update/urn%3Ali%3Aactivity%3A6689433142966702080,Congratulations sir!!!
2020-07-14 12:20:15,https://www.linkedin.com/feed/update/urn%3Ali%3AugcPost%3A6688362205232037889,"Great work in IT automation it's complete replacement of storytelling dashboard, it's reduce lots of time like login credentials, clicking here and there. It's very interesting üëçüëç"
2020-07-09 11:02:04,https://www.linkedin.com/feed/update/urn%3Ali%3Aactivity%3A6686603746044125184,Congratulations!!
2020-07-09 07:14:44,https://www.linkedin.com/feed/update/urn%3Ali%3AugcPost%3A6686849460338753536,congratulations!
2020-07-07 15:56:22,https://www.linkedin.com/feed/update/urn%3Ali%3AugcPost%3A6686290884335599616,"It's look very pretty, Well done!üëçüëç"
2020-07-06 16:06:53,https://www.linkedin.com/feed/update/urn%3Ali%3Aactivity%3A6685468651560214528,Congratulations! Naman Srivastava
2020-07-06 16:00:24,https://www.linkedin.com/feed/update/urn%3Ali%3Aactivity%3A6685921340194639872,Congratulations!
2020-07-06 01:01:00,https://www.linkedin.com/feed/update/urn%3Ali%3Aactivity%3A6685595119787278336,Congratulations!
2020-07-05 01:16:47,https://www.linkedin.com/feed/update/urn%3Ali%3Aactivity%3A6683381324494979072,Congratulations!
2020-07-04 00:57:54,https://www.linkedin.com/feed/update/urn%3Ali%3Aactivity%3A6684817584078041088,Well done
2020-07-03 04:39:38,https://www.linkedin.com/feed/update/urn%3Ali%3Aactivity%3A6683406383452426240,Congrats Deepanshi
2020-07-01 10:02:54,https://www.linkedin.com/feed/update/urn%3Ali%3Aactivity%3A6683338675671048192,Congratulations Anshika Bhargava !!!
Can you share your experience by guiding us.
2020-06-29 02:25:24,https://www.linkedin.com/feed/update/urn%3Ali%3Aactivity%3A6682948746025820160,Congratulations sir :)
2020-06-25 10:33:18,https://www.linkedin.com/feed/update/urn%3Ali%3Aactivity%3A6681791105488429056,It may happen due to bias data by bias person üòä
2020-06-24 08:47:18,https://www.linkedin.com/feed/update/urn%3Ali%3Aactivity%3A6681477320169054208,Please share this post as much as possible !
2020-06-15 07:07:45,https://www.linkedin.com/feed/update/urn%3Ali%3Aactivity%3A6677844217248800768,Thank you :)
2020-06-13 02:14:34,https://www.linkedin.com/feed/update/urn%3Ali%3Aactivity%3A6677191799213297664,Congratulations!
2020-06-09 03:04:58,https://www.linkedin.com/feed/update/urn%3Ali%3Aactivity%3A6675686908795985921,Thank you:)
2020-06-08 16:36:31,https://www.linkedin.com/feed/update/urn%3Ali%3AugcPost%3A6675779537311297537,William Staudenmeier sir thank you very much for appreciation:)
2020-06-08 16:29:28,https://www.linkedin.com/feed/update/urn%3Ali%3AugcPost%3A6675779537311297537,This is awesome:)
2020-06-06 08:55:46,https://www.linkedin.com/feed/update/urn%3Ali%3Aactivity%3A6674714504284241920,Congratulations!
2020-05-24 08:13:45,https://www.linkedin.com/feed/update/urn%3Ali%3Aactivity%3A6665890867582251009,Yes
2020-05-22 05:21:32,https://www.linkedin.com/feed/update/urn%3Ali%3AugcPost%3A6669299525238312960,Awesome
2020-05-15 16:18:46,https://www.linkedin.com/feed/update/urn%3Ali%3Aactivity%3A6666220415922249729,Interested
2020-05-15 16:04:50,https://www.linkedin.com/feed/update/urn%3Ali%3Aactivity%3A6666911769157611520,Interested
2020-05-14 04:56:43,https://www.linkedin.com/feed/update/urn%3Ali%3Aactivity%3A6665982706142318592,Congratulations! Tanisha Jain
2020-05-11 12:13:04,https://www.linkedin.com/feed/update/urn%3Ali%3Aactivity%3A6661164772391817216,Vikrant Singh  Is this paid internship?
2020-05-04 15:58:42,https://www.linkedin.com/feed/update/urn%3Ali%3Aactivity%3A6661142197586526208,Aayushi kaushik
2020-05-04 15:45:55,https://www.linkedin.com/feed/update/urn%3Ali%3Aactivity%3A6662908172019343360,Steve Nouri sir I followed your each post that you share they were very useful for me.
I request you please share your views on R programming language.
2020-05-03 02:36:04,https://www.linkedin.com/feed/update/urn%3Ali%3Aactivity%3A6662327212445966338,True words ‚úåÔ∏è‚úåÔ∏è
2020-05-02 06:06:58,https://www.linkedin.com/feed/update/urn%3Ali%3Aactivity%3A6662221563011698688,Congratulations! Shivam Singh
2020-04-30 02:45:46,https://www.linkedin.com/feed/update/urn%3Ali%3Aactivity%3A6660938834085314560,Thanks for sharing this helpful advice...

Cover letter!
2020-04-30 01:38:34,https://www.linkedin.com/feed/update/urn%3Ali%3Aactivity%3A6660950295587237888,Congratulations! SHIVAM SINGH
2020-04-29 15:31:44,https://www.linkedin.com/feed/update/urn%3Ali%3AugcPost%3A6661253514364366848,Rstudio üë©‚ÄçüîßüòÄüòÄ
2020-04-29 11:07:11,https://www.linkedin.com/feed/update/urn%3Ali%3AugcPost%3A6660938161167958016,Congratulations Shivam Singh for one more achievement in your bucket
2020-04-29 04:27:37,https://www.linkedin.com/feed/update/urn%3Ali%3AugcPost%3A6660938990805487616,Congratulations! Shivam Singh
2020-04-28 07:09:08,https://www.linkedin.com/feed/update/urn%3Ali%3Aactivity%3A6660615624974225414,Congratulations!
2020-04-26 06:07:47,https://www.linkedin.com/feed/update/urn%3Ali%3Aactivity%3A6659464760909791232,Thanks! Mayank Sharma
2020-04-25 13:37:59,https://www.linkedin.com/feed/update/urn%3Ali%3Aactivity%3A6659363283662962688,Interested
2020-04-22 15:40:28,https://www.linkedin.com/feed/update/urn%3Ali%3Aactivity%3A6658408318043815937,Interested
2020-04-22 15:29:24,https://www.linkedin.com/feed/update/urn%3Ali%3Aactivity%3A6658456671691517952,Interested
bharatbrijwasi777@gmail.com
2020-04-22 15:17:29,https://www.linkedin.com/feed/update/urn%3Ali%3Aactivity%3A6658428593657470976,Thanks Prachi Malhotra for sharing this...
2020-04-21 16:52:14,https://www.linkedin.com/feed/update/urn%3Ali%3Aactivity%3A6658403374288994304,"Good work @ Archana R. 
Improve GUI for better visibility, use another theme if possible"
2020-04-21 02:16:38,https://www.linkedin.com/feed/update/urn%3Ali%3Aactivity%3A6656842414294171648,Interested
Data science intern
2020-04-21 00:01:00,https://www.linkedin.com/feed/update/urn%3Ali%3Aactivity%3A6657103938405400576,Congratulations!
2020-04-20 23:58:01,https://www.linkedin.com/feed/update/urn%3Ali%3Aactivity%3A6654868920417300480,Can you share data resource link
2020-04-20 23:56:55,https://www.linkedin.com/feed/update/urn%3Ali%3Aactivity%3A6654868920417300480,Excellent !
2020-04-20 23:50:20,https://www.linkedin.com/feed/update/urn%3Ali%3Aactivity%3A6656619556179664896,Interested
bharatbrijwasi777@gmail.com
2020-04-20 15:05:13,https://www.linkedin.com/feed/update/urn%3Ali%3Aactivity%3A6657411988395827200,Interested
2020-04-14 11:28:40,https://www.linkedin.com/feed/update/urn%3Ali%3Aactivity%3A6655693907902464000,Interested
bharatbrijwasi777@gmail.com
2020-04-11 16:44:17,https://www.linkedin.com/feed/update/urn%3Ali%3Aactivity%3A6654665815893336064,Congratulations brother !!
2020-04-11 08:47:42,https://www.linkedin.com/feed/update/urn%3Ali%3Aactivity%3A6654611786345603073,Interested
2020-04-09 15:44:15,https://www.linkedin.com/feed/update/urn%3Ali%3Aactivity%3A6653167217133346816,Congratulations !!!
2020-04-08 16:04:03,https://www.linkedin.com/feed/update/urn%3Ali%3Aactivity%3A6652411320551464960,bharatbrijwasi777@gmail.com
2020-04-08 16:02:33,https://www.linkedin.com/feed/update/urn%3Ali%3Aactivity%3A6653596138660298752,Interested in Analytics!
bharatbrijwasi777@gmail.com
2020-04-08 16:00:01,https://www.linkedin.com/feed/update/urn%3Ali%3Aactivity%3A6653562152613449728,bharatbrijwasi777@gmail.com
2020-04-08 15:49:36,https://www.linkedin.com/feed/update/urn%3Ali%3Aactivity%3A6653374763282628608,I'm Interested in Data Science intern
2020-04-07 09:23:23,https://www.linkedin.com/feed/update/urn%3Ali%3Aactivity%3A6653163996876763136,Interested
2020-04-04 16:55:03,https://www.linkedin.com/feed/update/urn%3Ali%3Aactivity%3A6637216561381904384,Interested... please reach out to me
2020-04-04 16:54:24,https://www.linkedin.com/feed/update/urn%3Ali%3Aactivity%3A6650868075505823744,bharatbrijwasi777@gmail.com
2020-04-04 16:11:16,https://www.linkedin.com/feed/update/urn%3Ali%3Aactivity%3A6652195570742063104,Interested... please reach out to me !!!
2020-03-25 10:09:12,https://www.linkedin.com/feed/update/urn%3Ali%3Aactivity%3A6648468006697562112,It's new experience for me.
I'm interested
2020-03-19 15:44:13,https://www.linkedin.com/feed/update/urn%3Ali%3Aactivity%3A6644596862173229056,Interested
2020-02-29 16:42:37,https://www.linkedin.com/feed/update/urn%3Ali%3Aactivity%3A6635840622303469569,Interested
2020-02-21 04:00:42,https://www.linkedin.com/feed/update/urn%3Ali%3Aactivity%3A6635028096712048640,Interested
2020-02-15 04:51:41,https://www.linkedin.com/feed/update/urn%3Ali%3AugcPost%3A6634128682610978816,Congratulations deepanshi for your achievement ‚úåÔ∏è
2019-12-30 13:40:37,https://www.linkedin.com/feed/update/urn%3Ali%3Aactivity%3A6617324040027676672,Congratulations Abhishek Thakur üëç
2019-12-26 13:53:09,https://www.linkedin.com/feed/update/urn%3Ali%3Aactivity%3A6615568580710887424,Interested
2019-12-22 16:48:14,https://www.linkedin.com/feed/update/urn%3Ali%3Aactivity%3A6613433770219536385,Great !!!
2019-12-22 16:47:25,https://www.linkedin.com/feed/update/urn%3Ali%3Aactivity%3A6614484690290216960,Interesting
2019-12-22 16:46:39,https://www.linkedin.com/feed/update/urn%3Ali%3Aactivity%3A6613817142003494912,"Adarsh Awasthi data visualization, data entry"
2019-12-21 15:37:51,https://www.linkedin.com/feed/update/urn%3Ali%3Aactivity%3A6613817142003494912,Interested
2019-11-10 18:33:18,https://www.linkedin.com/feed/update/urn%3Ali%3Aactivity%3A6599211081518940161,Gla university
2019-10-25 11:30:48,https://www.linkedin.com/feed/update/urn%3Ali%3Aactivity%3A6592792334889517056,Okk
2019-10-11 13:31:02,https://www.linkedin.com/feed/update/urn%3Ali%3Aactivity%3A6585738452891983873,Interested for data science intern
2019-10-03 06:33:01,https://www.linkedin.com/feed/update/urn%3Ali%3Aactivity%3A6584266873217613824,Mathura
2019-10-01 04:57:41,https://www.linkedin.com/feed/update/urn%3Ali%3AugcPost%3A6584653436812394496,"Are you interested in any one from these.. Content writer, graphics designer, SEO and SEM"
2019-09-30 04:58:41,https://www.linkedin.com/feed/update/urn%3Ali%3Aactivity%3A6584276134408622080,Share CV on bharatbrijwasi777@gmail.com
2019-09-25 02:02:02,https://www.linkedin.com/feed/update/urn%3Ali%3Aactivity%3A6582316831963398144,Congratulations mr. Asarudheen
2019-09-21 17:49:45,https://www.linkedin.com/feed/update/urn%3Ali%3Aactivity%3A6581115107789639680,My friends recently completed diploma with electrical engineering can he apply
2019-09-21 17:36:23,https://www.linkedin.com/feed/update/urn%3Ali%3Aactivity%3A6581219538908610560,I want to know about it can we discuss in specific time..
Please schedule your time

https://calendly.com/bharat_sharma
2019-09-05 09:10:30,https://www.linkedin.com/feed/update/urn%3Ali%3Aactivity%3A6573782573976256512,Please provide me your mail id through which I can share resume
2019-09-01 07:52:49,https://www.linkedin.com/feed/update/urn%3Ali%3Aactivity%3A6573782573976256512,Sir my friends completed diploma from electrical engineering in 2019 now he looking new opportunities can he apply for this. He has good knowledge of basic computer
2019-08-16 03:34:38,https://www.linkedin.com/feed/update/urn%3Ali%3Aactivity%3A6567837423345156096,Great work. !! Can you share code link I want to check out.
2019-08-12 12:17:46,https://www.linkedin.com/feed/update/urn%3Ali%3Aactivity%3A6566585099918372864,Interested please review my profile
2019-08-10 11:52:03,https://www.linkedin.com/feed/update/urn%3Ali%3Aactivity%3A6564592836472381440,"This field is very crucial because, at this time most of IT sector want to shift this technology but due to Lake of knowledge they can't do that. Only MNCS organisation take benefits. Problem with small industry is that they think this technology like convennsatioal  analytics. Most of employees don't judge this field they work old manner. They need to change management and infrastructure (not hardware, other services like parallel computing, cloud services). Very few organisation work in this field and they earn benefit to decide what coustomer want by getting valuable insight from data. So organisation need to skilled employees for that..!!"
2019-08-09 13:31:54,https://www.linkedin.com/feed/update/urn%3Ali%3AgroupPost%3A1906826-6565510656861188096,I'm from India so I looking when this kinds of seminar will organise in India.!!!
2019-08-09 13:24:44,https://www.linkedin.com/feed/update/urn%3Ali%3Aactivity%3A6565556290213515264,This kinds of real story become inspiration for those people who against the Indian army specially Kashmiri peoples who generat irrespective activity...we need to share this kind of real fact more and more
2019-08-09 08:34:05,https://www.linkedin.com/feed/update/urn%3Ali%3Aactivity%3A6565475478122139649,Great meetup to new students and management. !!! üëçü§óü§ó
2019-08-07 00:57:43,https://www.linkedin.com/feed/update/urn%3Ali%3Aactivity%3A6564582004745125888,A great journey end... Very outstanding politicians.. god bless shushama ji
2019-08-06 11:09:46,https://www.linkedin.com/feed/update/urn%3Ali%3AugcPost%3A6564418927512915968,Thanks for your continuous supporting..üëçüëçüëç
2019-08-05 01:58:34,https://www.linkedin.com/feed/update/urn%3Ali%3Aactivity%3A6562929599267901440,Inspiration to all !!!‚úåÔ∏è‚úåÔ∏è
2019-08-05 01:55:58,https://www.linkedin.com/feed/update/urn%3Ali%3Aactivity%3A6563298520730738688,Excellent post !!!
2019-08-03 03:56:59,https://www.linkedin.com/feed/update/urn%3Ali%3Aactivity%3A6563125241919475712,Great meetup !!!
2019-08-03 03:54:37,https://www.linkedin.com/feed/update/urn%3Ali%3Aactivity%3A6563222926475264000,Please review my profile. !!!
2019-08-02 10:21:50,https://www.linkedin.com/feed/update/urn%3Ali%3Aactivity%3A6562936794415939584,Congrats Dr. Marcell
2019-08-02 04:15:26,https://www.linkedin.com/feed/update/urn%3Ali%3AugcPost%3A6562712825272295424,Very innovative way to post the job and understand job role...I love it. !!!
2019-08-01 11:09:54,https://www.linkedin.com/feed/update/urn%3Ali%3AgroupPost%3A1906826-6562628029812613121,I from India so can I access online this session
2019-08-01 08:46:06,https://www.linkedin.com/feed/update/urn%3Ali%3Aactivity%3A6562462947472474113,Great meetup.!!!
2019-08-01 06:03:37,https://www.linkedin.com/feed/update/urn%3Ali%3Aactivity%3A6562342078964125696,"Thanks for sharing motivated information... Anil gupta sir...
 Mera answer bhi 3rd vala tha Lekin jab Maine niche ka read Kiya me surprise ho gya...Lekin ye sab logo ek din apne comfort join se hatkar kaam kiye, life ko challenge Kiya tabhi aaj bhi ye log history me aage hote hain....!!!"
2019-07-28 15:23:19,https://www.linkedin.com/feed/update/urn%3Ali%3Aactivity%3A6561232550889652224,Great sir !!!
2019-07-26 04:51:06,https://www.linkedin.com/feed/update/urn%3Ali%3AugcPost%3A6560163249755652096,Thanks for sharing
2019-07-20 14:57:12,https://www.linkedin.com/feed/update/urn%3Ali%3Aactivity%3A6554956839010820096,Yes.. Please.  bharatbrijwasi777@gmail.com
2019-07-16 01:30:21,https://www.linkedin.com/feed/update/urn%3Ali%3Aactivity%3A6556581018990665729,Congratulations...Smriti !!!
2019-07-04 05:40:04,https://www.linkedin.com/feed/update/urn%3Ali%3Aactivity%3A6552402853464551424,It seems a great event...
2019-06-26 11:06:42,https://www.linkedin.com/feed/update/urn%3Ali%3AugcPost%3A6548819437200384000,Thanks..!!! For sharingüëçüëç
2019-06-24 18:32:00,https://www.linkedin.com/feed/update/urn%3Ali%3Aactivity%3A6548915251964932096,Kindly find attachment that I shared you through mail...
2019-06-24 17:16:31,https://www.linkedin.com/feed/update/urn%3Ali%3AugcPost%3A6546750281374412801,Steve Nouri please share me....
2019-06-24 12:55:12,https://www.linkedin.com/feed/update/urn%3Ali%3AugcPost%3A6546750281374412801,Steve Nouri something...But supposed we have geolocation type data . So we can implement them...Please provide me R code
2019-06-24 11:28:43,https://www.linkedin.com/feed/update/urn%3Ali%3AugcPost%3A6546750281374412801,Pdf is good but I have doubt how I can used clustering in location...
2019-06-23 18:00:45,https://www.linkedin.com/feed/update/urn%3Ali%3AugcPost%3A6548536025726189568,More valuable content ...Thanks for sharing !!!
2019-06-23 17:45:22,https://www.linkedin.com/feed/update/urn%3Ali%3AugcPost%3A6548574466283307008,I read out whole pdf I found valuable content....Thanks for sharing !!!
2019-06-23 06:07:20,https://www.linkedin.com/feed/update/urn%3Ali%3Aactivity%3A6548410907008036864,Congratulations !!!!
2019-06-23 05:53:30,https://www.linkedin.com/feed/update/urn%3Ali%3AugcPost%3A6548259383304908800,Komal Guptadone
2019-06-23 03:32:34,https://www.linkedin.com/feed/update/urn%3Ali%3AugcPost%3A6548259383304908800,Info pls..
2019-06-23 01:01:21,https://www.linkedin.com/feed/update/urn%3Ali%3Aactivity%3A6548205227588325376,Congratulations !!! @Tanisha
2019-06-21 11:13:21,https://www.linkedin.com/feed/update/urn%3Ali%3Aactivity%3A6547776771490701312,I am interested
2019-06-21 09:17:58,https://www.linkedin.com/feed/update/urn%3Ali%3Aactivity%3A6547008060349607936,Interested
2019-06-20 17:12:37,https://www.linkedin.com/feed/update/urn%3Ali%3Aactivity%3A6547504314104016896,May be...
2019-06-20 15:38:44,https://www.linkedin.com/feed/update/urn%3Ali%3AugcPost%3A6547490362485719040,It's great platform for data analytics... Thanks for sharing
2019-06-19 15:14:07,https://www.linkedin.com/feed/update/urn%3Ali%3AugcPost%3A6547079321612324864,Thanks for sharing a wonderful notes..
2019-06-19 15:13:17,https://www.linkedin.com/feed/update/urn%3Ali%3AugcPost%3A6547104023445630976,"Wish you a very happy birthday sir, god bless you sir"
2019-06-19 03:42:17,https://www.linkedin.com/feed/update/urn%3Ali%3Aactivity%3A6546467811072450560,I am interested
2019-06-18 05:54:46,https://www.linkedin.com/feed/update/urn%3Ali%3Aactivity%3A6546323418969632768,Yes I am interested
2019-06-17 12:45:13,https://www.linkedin.com/feed/update/urn%3Ali%3AugcPost%3A6546304304188399617,Great work !... I think this kinds of projects more beneficial for government.
2019-06-16 01:10:10,https://www.linkedin.com/feed/update/urn%3Ali%3AugcPost%3A6545683564095250432,"That's great work by you, some of from these are unknown for me... Thanks"
2019-06-15 08:05:31,https://www.linkedin.com/feed/update/urn%3Ali%3Aactivity%3A6545560864672616448,"I think, for data visualization and stat, R is better than Python"
2019-06-14 00:35:23,https://www.linkedin.com/feed/update/urn%3Ali%3AugcPost%3A6544264689113759745,Wow !! That's amazing
2019-06-14 00:29:26,https://www.linkedin.com/feed/update/urn%3Ali%3AugcPost%3A6544862757488037888,Great ! Can you share code
2019-06-11 15:04:14,https://www.linkedin.com/feed/update/urn%3Ali%3AugcPost%3A6544188958757228544,"Data, Data.... all IT company moves towards data analytics. It's means, Data become driven force of every organisation for better decisions for future plan.."
2019-06-10 01:51:10,https://www.linkedin.com/feed/update/urn%3Ali%3AugcPost%3A6543147997524525056,Congratulations ...!!! @
2019-06-08 03:06:17,https://www.linkedin.com/feed/update/urn%3Ali%3Aactivity%3A6542725458251878401,Congrats Tanmay Raj
2019-06-08 01:24:00,https://www.linkedin.com/feed/update/urn%3Ali%3Aactivity%3A6542933218809733120,"Pls, subscribe my channel ""AnalystGuru"""
2019-06-06 09:08:00,https://www.linkedin.com/feed/update/urn%3Ali%3Aactivity%3A6542324471796207616,"pls subscribe my channel ""AnalystGuru""."
2019-06-05 07:22:22,https://www.linkedin.com/feed/update/urn%3Ali%3AugcPost%3A6541630922708615169,Thanks
2019-06-04 16:49:49,https://www.linkedin.com/feed/update/urn%3Ali%3AugcPost%3A6541630922708615169,Thanks !
2019-06-04 08:30:35,https://www.linkedin.com/feed/update/urn%3Ali%3AugcPost%3A6541178023494942720,Great!!!
2019-06-04 04:08:44,https://www.linkedin.com/feed/update/urn%3Ali%3AugcPost%3A6540893445605724160,No
2019-06-02 16:37:37,https://www.linkedin.com/feed/update/urn%3Ali%3Aactivity%3A6540577672341352448,Congratulations sir...
2019-06-02 02:26:46,https://www.linkedin.com/feed/update/urn%3Ali%3Aactivity%3A6540523927280680960,Congratulations ....
2019-06-01 10:57:59,https://www.linkedin.com/feed/update/urn%3Ali%3AugcPost%3A6540435760548548608,True words..
2019-05-31 02:12:37,https://www.linkedin.com/feed/update/urn%3Ali%3Aactivity%3A6539852981502861312,"Kya sir aap bhi bindaas ho,üòçüòÄüòç"
2019-05-31 00:01:35,https://www.linkedin.com/feed/update/urn%3Ali%3Aactivity%3A6539855160863227904,Thanks !
2019-05-30 09:26:21,https://www.linkedin.com/feed/update/urn%3Ali%3AugcPost%3A6536293038703116288,Amazing
2019-05-30 00:30:30,https://www.linkedin.com/feed/update/urn%3Ali%3AugcPost%3A6538767768420999169,Which package is used such type of plotting
2019-05-30 00:29:24,https://www.linkedin.com/feed/update/urn%3Ali%3AugcPost%3A6538767768420999169,Superb ! Data visualisation...
2019-05-29 00:24:15,https://www.linkedin.com/feed/update/urn%3Ali%3Aactivity%3A6537966242416914432,Great work
2019-05-28 16:46:30,https://www.linkedin.com/feed/update/urn%3Ali%3Aarticle%3A7714825089540911924,Bharat Sharma
2019-05-28 16:25:27,https://www.linkedin.com/feed/update/urn%3Ali%3AugcPost%3A6525627098839769088,Superb ! Work by GLA
2019-05-26 02:42:48,https://www.linkedin.com/feed/update/urn%3Ali%3Aactivity%3A6537990238248230912,"Yes, I am looking for part time job from home pls review my profile"
2019-05-22 09:37:31,https://www.linkedin.com/feed/update/urn%3Ali%3Aactivity%3A6536869226844655616,Congratulations!
2019-05-17 17:39:56,https://www.linkedin.com/feed/update/urn%3Ali%3Aactivity%3A6523476397430804480,Pls share at---
 bharatbrijwasi777@gmail.com
2019-05-05 18:42:30,https://www.linkedin.com/feed/update/urn%3Ali%3Aactivity%3A6528807696836096001,Congrats Anjali
2019-05-05 10:12:38,https://www.linkedin.com/feed/update/urn%3Ali%3Aactivity%3A6530690522720370689,Congrats Priyasha
2019-04-29 07:18:13,https://www.linkedin.com/feed/update/urn%3Ali%3Aactivity%3A6526465169210507264,"Dear,
Thanks for posting. I am interested so please review my profile"
2019-04-24 15:54:45,https://www.linkedin.com/feed/update/urn%3Ali%3Aactivity%3A6524553542869487616,Please review my profile.
bharatbrijwasi777@gmail.com
Thankyou
2019-04-24 15:52:17,https://www.linkedin.com/feed/update/urn%3Ali%3Aactivity%3A6526287130921050113,Congratulations!
2019-04-24 15:49:06,https://www.linkedin.com/feed/update/urn%3Ali%3AgroupPost%3A1906826-6526469891564793856,Can we join through media I mean live session through digital way or online
2019-02-12 17:56:48,https://www.linkedin.com/feed/update/urn%3Ali%3Aactivity%3A6500668164148420608,Congratulations sir
2019-02-10 12:04:34,https://www.linkedin.com/feed/update/urn%3Ali%3Aactivity%3A6497053564660219904,Please share details at bharatbrijwasi777@gmail.com
Regards
Bharat Sharma
2019-01-18 05:33:01,https://www.linkedin.com/feed/update/urn%3Ali%3Aactivity%3A6490855660404736000,Congrats Nitin
2019-01-18 05:32:24,https://www.linkedin.com/feed/update/urn%3Ali%3Aactivity%3A6490418760099340288,Congrats Munesh
2019-01-16 04:52:11,https://www.linkedin.com/feed/update/urn%3Ali%3Aactivity%3A6488711390054965248,Congrats Neha
2019-01-16 04:52:06,https://www.linkedin.com/feed/update/urn%3Ali%3Aactivity%3A6488613041431683072,Congratulations!
2018-12-16 11:40:24,https://www.linkedin.com/feed/update/urn%3Ali%3Aactivity%3A6480033429403598848,It is very helpful for me please visit everyone
2018-12-16 10:58:10,https://www.linkedin.com/feed/update/urn%3Ali%3Aactivity%3A6478713813133815808,Congrats Ankita
2018-12-08 13:34:35,https://www.linkedin.com/feed/update/urn%3Ali%3Aactivity%3A6475925999182704640,Congrats Shruti
2018-10-22 12:45:16,https://www.linkedin.com/feed/update/urn%3Ali%3Aactivity%3A6450963022356766720,Congrats Asha
2018-10-22 12:44:13,https://www.linkedin.com/feed/update/urn%3Ali%3Aactivity%3A6446361309440241664,Congrats AYUSHI
2018-10-11 06:07:22,https://www.linkedin.com/feed/update/urn%3Ali%3Aactivity%3A6434760687507079168,Congrats Arnab
2018-10-09 10:39:12,https://www.linkedin.com/feed/update/urn%3Ali%3Aactivity%3A6445989784589557760,Awesome thoughts
Very nice
2018-10-08 12:58:08,https://www.linkedin.com/feed/update/urn%3Ali%3Aactivity%3A6435083824425734144,Congrats Deepanshi
2018-10-07 10:25:00,https://www.linkedin.com/feed/update/urn%3Ali%3Aactivity%3A6446361309440241664,Congrats AYUSHI
2018-10-07 06:56:37,https://www.linkedin.com/feed/update/urn%3Ali%3Aactivity%3A6450963022356766720,Congrats Asha
2018-09-23 13:53:59,https://www.linkedin.com/feed/update/urn%3Ali%3Aactivity%3A6435083824425734144,Congrats Deepanshi
2018-09-15 08:43:17,https://www.linkedin.com/feed/update/urn%3Ali%3Aactivity%3A6440397009819041792,Congrats Manav
2018-09-15 08:41:19,https://www.linkedin.com/feed/update/urn%3Ali%3Aactivity%3A6437501266368172032,Congrats Er. Suraj
2018-09-13 14:27:58,https://www.linkedin.com/feed/update/urn%3Ali%3Aactivity%3A6442571756141047810,Congrats Er. Suraj
2018-09-09 05:31:52,https://www.linkedin.com/feed/update/urn%3Ali%3Aactivity%3A6435083824425734144,Good luck with your new role!
2018-09-06 16:00:44,https://www.linkedin.com/feed/update/urn%3Ali%3Aactivity%3A6425696621383778304,Congrats BRIJ PRATAP
