Organization,Followed On
How to Get an Analytics Job,Sat Jan 02 03:15:48 UTC 2021
Inspiring Ideas,Mon Nov 30 16:11:14 UTC 2020
Alphaa AI,Sat Nov 28 12:21:58 UTC 2020
useR! - The R User Conference,Wed Sep 30 14:12:20 UTC 2020
HireMilitary,Wed Sep 09 14:12:00 UTC 2020
Foxtel,Wed Sep 09 07:45:59 UTC 2020
The Backbone Organization,Sun Sep 06 10:54:00 UTC 2020
Heptism Technologies,Sun Sep 06 10:53:57 UTC 2020
Incognimous Labs ,Sun Sep 06 10:53:48 UTC 2020
DevIncept,Sat Aug 22 01:35:02 UTC 2020
GDG (Google Developer Groups),Mon Aug 17 11:54:13 UTC 2020
365 Data Science,Mon Aug 17 11:54:11 UTC 2020
Kaggle Days ,Mon Aug 17 11:54:10 UTC 2020
AI Learner Hub,Sun Aug 16 08:07:39 UTC 2020
storytelling with data,Sat Aug 15 06:39:05 UTC 2020
R posts you might have missed!,Sat Aug 15 06:38:56 UTC 2020
Why R?,Fri Aug 14 09:09:41 UTC 2020
AI & Big Data Expo World Series,Wed Aug 12 01:35:22 UTC 2020
Encore Media Group Ltd.,Tue Aug 11 10:39:58 UTC 2020
Larsen & Toubro,Tue Aug 11 01:46:11 UTC 2020
LTI - Larsen & Toubro Infotech,Mon Aug 10 08:31:55 UTC 2020
SelectMedia,Sat Aug 08 08:33:10 UTC 2020
Newton School,Fri Aug 07 12:23:29 UTC 2020
HarperCollins Publishers India,Sun Aug 02 16:10:57 UTC 2020
Influx Infotech,Sun Aug 02 15:41:59 UTC 2020
Wenox,Sun Jul 19 01:08:16 UTC 2020
Computer Science Academy,Wed Jul 15 07:12:21 UTC 2020
E-Learning Pirate,Fri Jul 10 02:12:25 UTC 2020
Sugal Builders & Developers,Thu Jul 02 16:11:51 UTC 2020
R-Ladies Tunis,Wed Jun 24 03:50:12 UTC 2020
"Elon Musk, Tesla, SpaceX, Electric Vehicle News",Thu Jun 18 10:07:48 UTC 2020
SpaceX,Wed Jun 17 17:08:14 UTC 2020
LinkedinLocal Mathura,Wed Jun 17 08:49:18 UTC 2020
Coding Club,Sat May 02 06:08:30 UTC 2020
Collegedunia,Tue Apr 28 02:09:39 UTC 2020
Everlytics Data Science Pte Ltd,Sun Apr 26 05:45:22 UTC 2020
Global Tech Council,Fri Apr 24 05:43:05 UTC 2020
Soul Of Braj Federation,Wed Apr 22 01:08:37 UTC 2020
Placement Platform,Tue Apr 21 10:05:09 UTC 2020
Nilank Technologies Pvt. Ltd,Mon Apr 13 16:34:47 UTC 2020
IVR GURU,Fri Apr 10 08:14:20 UTC 2020
Leadonet,Fri Apr 10 08:14:18 UTC 2020
TechMave Software,Sun Mar 22 15:10:50 UTC 2020
PaperByte,Sun Mar 22 15:10:47 UTC 2020
Salesjobsindia.com,Sat Mar 21 16:35:17 UTC 2020
Genpact,Wed Feb 12 14:45:33 UTC 2020
Certas Energy,Tue Jan 28 14:22:13 UTC 2020
EnggSafar,Sat Jan 11 16:37:41 UTC 2020
HackerEarth,Thu Dec 26 14:12:28 UTC 2019
Refer Jobs & Hirings - The Hemant Sharma initiative!,Thu Dec 19 13:18:31 UTC 2019
Ednerds,Thu Dec 19 13:17:54 UTC 2019
DigixMark,Tue Dec 17 03:35:04 UTC 2019
Career Uplift,Sun Dec 08 15:50:30 UTC 2019
Search Tactics,Sun Dec 08 08:55:15 UTC 2019
TripwayIndia,Sun Dec 01 05:32:57 UTC 2019
Migrate To Digital ,Fri Nov 29 14:07:28 UTC 2019
WideInfoWeb,Mon Nov 25 15:42:33 UTC 2019
HRC Recruitment,Tue Nov 12 09:27:27 UTC 2019
Placjo Technologies Private Limited,Tue Nov 12 09:27:26 UTC 2019
HR Link,Tue Nov 12 09:27:24 UTC 2019
Data Visualization Society,Sat Nov 09 03:48:46 UTC 2019
The University of New Mexico,Sat Nov 02 16:51:05 UTC 2019
L&T Technology Services Limited,Wed Oct 30 15:00:24 UTC 2019
Deloitte India (Offices of the US),Tue Oct 22 12:45:29 UTC 2019
Analytics Insight®,Thu Oct 17 13:42:36 UTC 2019
Power BI University,Thu Oct 17 13:42:35 UTC 2019
Dataquest.io,Tue Oct 15 06:23:48 UTC 2019
IBM Services,Wed Oct 09 12:14:32 UTC 2019
Deloitte India,Wed Oct 09 12:07:53 UTC 2019
Fractal,Fri Oct 04 16:23:02 UTC 2019
Unity Technologies,Fri Oct 04 16:20:08 UTC 2019
Human Resocia/Global IT Talent,Fri Oct 04 15:58:13 UTC 2019
MIT Technology Review,Sat Aug 31 17:43:16 UTC 2019
Facebook AI,Sat Aug 31 17:43:07 UTC 2019
Ribit.net,Sat Aug 31 17:42:37 UTC 2019
Intel AI,Fri Aug 30 17:20:40 UTC 2019
Salesforce,Sat Aug 17 04:25:05 UTC 2019
Hewlett Packard Enterprise,Sat Aug 17 04:25:04 UTC 2019
Deloitte,Sat Aug 17 04:24:57 UTC 2019
Talend,Sat Aug 17 04:22:16 UTC 2019
Palantir Technologies,Mon Aug 12 02:28:32 UTC 2019
Peter MacCallum Cancer Centre,Mon Aug 12 02:28:32 UTC 2019
University of Melbourne,Mon Aug 12 02:28:31 UTC 2019
IGotMyWork,Thu Aug 01 08:55:53 UTC 2019
Data Science Council of America,Thu Aug 01 06:04:58 UTC 2019
Bennett University,Wed Jul 31 02:38:56 UTC 2019
NVIDIA AI,Tue Jul 30 08:45:18 UTC 2019
e2eML,Tue Jul 30 08:45:17 UTC 2019
SOAI,Tue Jul 30 08:45:16 UTC 2019
Ciencia y Datos,Tue Jul 30 08:42:48 UTC 2019
Sefient Technology Pvt Ltd,Sun Jul 28 11:58:56 UTC 2019
TotterStory,Sun Jul 28 11:58:54 UTC 2019
Data Science Academy,Sun Jul 28 01:43:10 UTC 2019
Big Data Analytics Hires,Sun Jul 28 01:43:08 UTC 2019
DataRobot,Fri Jul 26 05:15:13 UTC 2019
ACS (Australian Computer Society),Fri Jul 26 05:08:53 UTC 2019
Analytics India Magazine,Sun Jul 21 04:20:15 UTC 2019
Machine Learning Mastery,Sun Jul 21 04:20:09 UTC 2019
IDA Ireland,Sat Jul 20 14:53:15 UTC 2019
CodeClouds,Sat Jul 20 10:01:52 UTC 2019
Data Science Dojo,Sat Jul 20 07:42:16 UTC 2019
SuperDataScience,Sat Jul 20 07:42:16 UTC 2019
DataCamp,Sat Jul 20 07:42:15 UTC 2019
Uber Engineering,Wed Jul 17 12:51:51 UTC 2019
Towards AI,Wed Jul 17 03:47:44 UTC 2019
JCB India Ltd.,Wed Jul 17 03:47:43 UTC 2019
"Entrepreneurship Cell, IIT Kanpur",Tue Jul 16 15:43:54 UTC 2019
Tecvis - Your Digital Supporter,Fri Jul 05 07:48:56 UTC 2019
Folha de S.Paulo,Sun Jun 09 04:48:34 UTC 2019
CNN Business,Sun Jun 09 04:48:33 UTC 2019
Tesla,Sun Jun 09 04:48:33 UTC 2019
National Geographic,Sun Jun 09 04:48:32 UTC 2019
Tableau Software,Sun Jun 09 04:48:32 UTC 2019
Intel Corporation,Sun Jun 09 04:48:31 UTC 2019
Paytm,Sun Jun 09 04:48:31 UTC 2019
Siemens,Sun Jun 09 04:48:30 UTC 2019
XenonStack,Sun Jun 09 04:48:30 UTC 2019
Google Cloud,Sun Jun 09 04:48:29 UTC 2019
Huawei,Sun Jun 09 04:48:28 UTC 2019
Phys.org,Sun Jun 09 04:48:28 UTC 2019
Dell,Sun Jun 09 04:48:27 UTC 2019
Sales Humor,Sun Jun 09 04:48:27 UTC 2019
World Health Organization,Sun Jun 09 04:48:26 UTC 2019
Kyvos Insights,Sun Jun 09 04:48:25 UTC 2019
GE,Sun Jun 09 04:48:24 UTC 2019
OYO,Sun Jun 09 04:48:24 UTC 2019
Johnson & Johnson,Sun Jun 09 04:48:22 UTC 2019
Flipkart,Sun Jun 09 04:48:22 UTC 2019
PwC,Sun Jun 09 04:48:20 UTC 2019
EY,Sun Jun 09 04:48:20 UTC 2019
Adobe,Sun Jun 09 04:48:19 UTC 2019
Bradesco,Sun Jun 09 04:48:19 UTC 2019
Axis Bank,Sun Jun 09 04:48:18 UTC 2019
H2O.ai,Sun Jun 09 04:48:18 UTC 2019
Databricks,Sun Jun 09 04:48:16 UTC 2019
DXC Technology,Sun Jun 09 04:48:16 UTC 2019
The Wall Street Journal,Fri Jun 07 17:03:30 UTC 2019
HiringBooster India,Fri Jun 07 17:03:29 UTC 2019
Tata Consultancy Services,Fri Jun 07 17:03:28 UTC 2019
Mahindra Group,Fri Jun 07 17:03:28 UTC 2019
Ericsson,Fri Jun 07 17:03:27 UTC 2019
Nestlé,Fri Jun 07 17:03:27 UTC 2019
Siemens Technology India,Fri Jun 07 17:03:27 UTC 2019
Scholarship America,Fri Jun 07 17:03:26 UTC 2019
Hotel Jobs Worldwide,Fri Jun 07 17:03:26 UTC 2019
Bajaj Allianz General Insurance,Fri Jun 07 17:03:25 UTC 2019
TechCrunch,Fri Jun 07 17:03:24 UTC 2019
Machine Learning Department at CMU,Fri Jun 07 17:03:24 UTC 2019
CNN,Fri Jun 07 17:03:23 UTC 2019
Biocon,Fri Jun 07 17:03:23 UTC 2019
Simon Sinek Inc.,Fri Jun 07 17:03:23 UTC 2019
Brilliant Ads,Fri Jun 07 17:03:22 UTC 2019
The Economic Times,Fri Jun 07 17:03:21 UTC 2019
Business Standard,Fri Jun 07 17:03:21 UTC 2019
Fast Company,Fri Jun 07 17:03:21 UTC 2019
Adweek,Fri Jun 07 17:03:20 UTC 2019
Open Data Science Conference (ODSC),Fri Jun 07 17:03:20 UTC 2019
EXL,Fri Jun 07 17:03:19 UTC 2019
Inc42 Media,Fri Jun 07 17:03:19 UTC 2019
Force Motors Ltd,Fri Jun 07 17:03:18 UTC 2019
AZB & Partners,Fri Jun 07 17:03:18 UTC 2019
Hyundai Motor India Ltd.,Fri Jun 07 17:03:17 UTC 2019
Unicom Digital,Fri Jun 07 17:03:17 UTC 2019
MakeMyTrip,Fri Jun 07 17:03:16 UTC 2019
IIM Bangalore Executive Education,Fri Jun 07 17:03:16 UTC 2019
Financial Times,Fri Jun 07 17:03:15 UTC 2019
Hindustan Times,Fri Jun 07 17:03:15 UTC 2019
Xerox,Fri Jun 07 03:57:34 UTC 2019
CodeChef,Fri Jun 07 03:57:34 UTC 2019
Analytics Vidhya,Fri Jun 07 03:57:33 UTC 2019
Myntra,Fri Jun 07 03:57:32 UTC 2019
HCL Technologies,Fri Jun 07 03:57:31 UTC 2019
Data Science Central,Fri Jun 07 03:57:31 UTC 2019
Cisco,Fri Jun 07 03:57:30 UTC 2019
deeplearning.ai,Fri Jun 07 03:57:29 UTC 2019
National Cyber Security Centre,Fri Jun 07 03:57:28 UTC 2019
Inc. Magazine,Fri Jun 07 03:57:27 UTC 2019
The Economist,Fri Jun 07 03:57:27 UTC 2019
Bloomberg News,Fri Jun 07 03:57:26 UTC 2019
AnitaB.org,Fri Jun 07 03:57:25 UTC 2019
Google AI,Fri Jun 07 03:57:25 UTC 2019
VVDN Technologies,Fri Jun 07 03:57:24 UTC 2019
Havells India Ltd,Fri Jun 07 03:57:23 UTC 2019
SAP,Thu Jun 06 09:06:47 UTC 2019
Business Insider,Thu Jun 06 09:06:46 UTC 2019
Towards Data Science,Thu Jun 06 09:06:43 UTC 2019
TED Conferences,Sat Jun 01 11:09:33 UTC 2019
Datum (The Data Science Club),Tue May 28 16:29:55 UTC 2019
PepsiCo,Tue Apr 30 08:49:26 UTC 2019
Harvard Business Review,Tue Apr 30 08:49:24 UTC 2019
Tech Mahindra,Tue Apr 30 08:49:24 UTC 2019
Capgemini,Tue Apr 30 08:49:24 UTC 2019
HDFC Bank,Tue Apr 30 08:49:24 UTC 2019
Reliance Industries Limited,Tue Apr 30 08:49:09 UTC 2019
Aditya Birla Group,Tue Apr 30 08:49:07 UTC 2019
LinkedIn Talent Solutions,Tue Apr 30 08:49:05 UTC 2019
GitHub,Tue Apr 30 08:48:54 UTC 2019
Luandre RH - Soluções em Recursos Humanos,Fri Apr 05 21:22:09 UTC 2019
VAGAS.com,Fri Apr 05 21:22:08 UTC 2019
Revista Dinero,Fri Apr 05 21:22:07 UTC 2019
Emploi et recrutement - Boostez votre job | cdicdd.com,Fri Apr 05 21:22:05 UTC 2019
Career For Freshers,Thu Apr 04 03:40:13 UTC 2019
Hotel Jobs | JobKing.org,Thu Apr 04 03:40:05 UTC 2019
"RunRex, Digital Marketing Agency",Sun Mar 24 06:14:42 UTC 2019
Data Science Foundation,Sun Feb 24 04:51:10 UTC 2019
Santander Brasil,Wed Feb 20 07:25:59 UTC 2019
upGrad,Wed Feb 20 07:25:58 UTC 2019
"Indian Institute of Technology, Kanpur",Wed Feb 20 07:25:55 UTC 2019
KPMG India,Wed Feb 20 07:25:54 UTC 2019
Accenture in India,Wed Feb 20 07:25:52 UTC 2019
YourStory Media,Wed Feb 20 07:25:51 UTC 2019
Swiggy,Wed Feb 20 07:25:47 UTC 2019
The Walt Disney Company,Wed Feb 20 07:25:46 UTC 2019
ICICI Bank,Wed Feb 20 07:25:45 UTC 2019
Mirketa Inc,Wed Feb 20 07:25:44 UTC 2019
Facebook,Wed Feb 20 07:25:43 UTC 2019
Kaggle,Wed Feb 20 07:25:40 UTC 2019
Blue Lives Matter,Wed Feb 20 07:25:39 UTC 2019
Wipro Limited,Wed Feb 20 07:25:36 UTC 2019
Indian Institute of Management Bangalore,Wed Feb 20 07:25:31 UTC 2019
BBC News,Wed Feb 20 07:25:29 UTC 2019
Indian Institute of Management Ahmedabad,Wed Feb 20 07:25:27 UTC 2019
Infosys,Wed Feb 20 07:25:25 UTC 2019
Forbes,Wed Feb 20 07:25:24 UTC 2019
Tata Projects,Wed Feb 20 07:25:21 UTC 2019
Tata Motors,Wed Feb 20 07:25:20 UTC 2019
LinkedIn,Wed Feb 20 07:25:14 UTC 2019
ConstructionPlacements Official,Wed Feb 20 07:25:12 UTC 2019
Nulearn,Wed Feb 20 07:25:11 UTC 2019
Interarch Building Products,Wed Feb 20 07:25:10 UTC 2019
Amazon Web Services (AWS),Wed Feb 20 07:25:09 UTC 2019
State Bank of India,Sun Feb 17 22:55:56 UTC 2019
LenRidge Technologies,Mon Feb 04 10:58:19 UTC 2019
Accenture,Fri Feb 01 17:59:02 UTC 2019
"Entrepreneurship Cell, GLA University",Sat Jan 19 17:43:26 UTC 2019
Oracle,Thu Nov 29 11:20:38 UTC 2018
AVASOFT Inc,Tue Nov 13 16:06:56 UTC 2018
IBM,Sun Dec 16 11:33:22 UTC 2018
Microsoft,Tue Nov 13 16:02:45 UTC 2018
Boston Consulting Group (BCG),Mon Nov 12 16:12:33 UTC 2018
GALGOTIAS EDUCATIONAL INSTITUTIONS,Thu Oct 25 18:43:42 UTC 2018
The Qt Company,Tue Oct 16 03:43:11 UTC 2018
"Lightbend, Inc.",Tue Oct 16 03:43:11 UTC 2018
HackerRank,Tue Oct 16 03:43:09 UTC 2018
Cognizant,Sun Sep 30 15:09:54 UTC 2018
RStudio PBC,Sun Dec 16 10:48:20 UTC 2018
Amazon,Thu Aug 02 15:00:28 UTC 2018
Google,Thu Aug 02 15:00:25 UTC 2018
NASA Careers,Wed Jul 11 07:25:04 UTC 2018
NASA - National Aeronautics and Space Administration,Wed Jul 11 07:24:48 UTC 2018
ISRO,Wed Jul 11 07:24:42 UTC 2018
"DRDO, Bangalore",Wed Jul 11 07:24:31 UTC 2018
GLA University,Wed Jul 11 07:09:12 UTC 2018
Qlik,Sun Jun 10 08:47:57 UTC 2018